-722.3186207770791,-633.9988177253703,-792.4144765277069,-417.99999904599997,-531.7863453810768,-549.9998708500202,-777.8878093145667,-569.5929978140974,-710.7977792753642,-472.7096539535066,-100,-648.3605113482386,-100,-574.180019725724,-452.1852018164037,-508.34842652779093,-330.46152813397225,-460.57365917600526,-270.5797207210612,-317.57373647072944,-423.83670853847883,-352.3380387360982,-268.6446504317702,-100,-268.5080090230756,-100,-337.6894690795512,-160.81262428100294,-256.32256478678045,-100,-155.93926796530468,-95.70871811821888,-155.56708342150597,-167.64537335901167,-100,-100.22537543564155,-29.181410864054705,-100,-40.26255271997631,-687.6255799059043
-489.9937117308949,-393.9924929253822,-680.4292176881953,-594.1853241905766,-465.99495564062977,-100,-616.4037427517638,-722.8801525933742,-100,-634.5479247439321,-564.8813478868168,-513.9999790516006,-494.95958160966995,-553.4737776500556,-100,-530.8689686381351,-520.8946866288849,-353.09966313774,-394.5174894917453,-425.8573629726262,-318.9683304471557,-112.70455534306936,-100,-432.9866230871144,-100,-267.03622452955693,-196.3461352816533,-305.8725256325493,-100,-460.4654432910237,-150.86745799555828,-67.2703499793273,-198.05563698539407,-76.1661093395408,-40.94197157763642,-136.25104590701665,-44.60807518636479,-100,-100,-723.944884657164
-453.99998991100006,-452.5766196410448,-760.8501092796068,-633.9420003667935,-559.1434433372627,-563.3474447288394,-391.1655405092016,-305.1445605366679,-518.365743924899,-632.6211197668392,-523.019688605336,-584.3689722970819,-500.4551569707752,-599.9313644824139,-316.96678766613286,-477.75887815988034,-336.5644462072478,-527.0678222084708,-366.2685975425849,-401.3764564410364,-305.56151042160457,-100,-344.44695486322644,-366.26177855637627,-298.4672400685544,-100,-111.40951082622644,-100,-100.18074995115026,-88.14594016647025,-43.42860197115348,-69.05362101353997,-100,-201.27349229734597,-136.41283096566474,-201.15531970519157,-64.37419218161467,-40.90962130128265,-113.29899884829351,-840.5877907947497
-100,-615.072019812173,-633.9872394246186,-623.0695441883522,-100,-725.8442281843478,-592.3863731639774,-585.7459223396193,-601.0096117990022,-654.8654194730302,-380.77303488331023,-437.1243212716514,-610.9324907698119,-498.66874811125973,-398.41176808906107,-316.82613638396253,-490.8665718593791,-311.8326661694059,-397.916402898516,-292.19223957852546,-100,-81.40742196496032,-328.8270761872599,-337.96394485370223,-157.9153184249333,-227.7854121711647,-172.41808951091122,-277.7191098820344,-179.9032198484341,-226.99350330820462,-293.3840310185275,-87.89007435422747,-63.47098448060278,-61.48955283939321,-72.1855576198431,-30.886198741132073,-56.90755071953613,-12.766275961104437,-37.35414865774591,-667.0652767560211
-705.9905976816892,-695.8255848519948,-552.064119254347,-613.3506376817875,-527.1970498360608,-649.0116212794318,-719.2433210157508,-414.45623633927903,-466,-450.60552240866855,-488.97964447831555,-596.8905084028916,-317.00177773782485,-100,-256.5012669058507,-261.68220942479894,-241.4162915332585,-198.4615306579665,-414.645756547866,-292.5406226114885,-282.0219562492525,-230.4109986521492,-211.0673201149249,-347.2625774498743,-196.68153849429214,-250.74402294347624,-285.26238729382027,-381.2692399824602,-100,-208.1771877648684,-102.62874967309821,-268.63955766945804,-160.38365140041822,-8.746173174533679,-77.45520310248439,-111.3211435194552,-26.07101541200275,-3.7909638069893203,-43.2642961103526,-605.9716033905582
-744.4218162836858,-697.0060752737652,-564.3967720614096,-622.8920066350819,-100,-563.7592108110616,-664.7726071712375,-486.52791038591954,-506.6300786525958,-213.9999999886,-478.950368293207,-498.83761480524015,-261.05512993869,-220.81953533677165,-299.92168034260607,-453.67436033361486,-208.66651211503307,-184.66330372312547,-258.79966822716835,-353.7018344023704,-100,-268.4062430873324,-249.13899905790473,-291.68752929781476,-235.01289985704688,-142.4511830605738,-284.25729467336566,-120.16364034870438,-61.32099104217605,-131.46848379434226,-193.1022127461584,-39.2545402269538,-90.94053624400361,-230.06263391637822,-170.36687419729435,-17.204405084333576,-24.005915318222552,-41.02641763293483,-23.72146377299503,-567.5231295469932
-708.1206651005718,-680.1205049147334,-648.4899330313033,-671.8897779879057,-487.23507142323405,-402.67645378952034,-353.28020161183883,-522.1282540057415,-566.9412045474775,-721.8963267516696,-328.4166855921009,-353.0013929218911,-403.29606967560267,-362.99699532242323,-220.52005332280942,-476.63839727804367,-518.5996210616343,-394.4504221791931,-342.6166906429298,-129.72495640450893,-205.326551869128,-392.82436890949583,-223.8880295346126,-298.2781152866718,-91.75971716915824,-225.33529707765638,-246.80469049797358,-17.847222396085158,-148.85368207943807,-119.2457705243551,-100,-76.0037971765942,-152.00441003527754,-19.0655080220078,-218.6020155622083,-33.032708306606985,-6.737646512320661,-5.553750236896354,-42.82125621277449,-645.7884478331036
-683.5449744297028,-637.3697416920384,-571.0429329511495,-614.9136526155855,-512.6213921070106,-445.25120850856115,-591.9494159033819,-480.6318508391192,-371.06094241692824,-347.37772512589197,-479.9905676890228,-412.57454986279123,-364.80213871725266,-422.67953688582276,-301.8769580891026,-474.86910289281496,-354.60382698602115,-166.85541377507252,-258.8579380788611,-40.91336942234395,-251.42405645048436,-100,-99.54301869042388,-204.33877832059716,-206.6015764928594,-223.78205334150786,-136.20849192732186,-48.508213681994484,-40.31937489894174,-46.5238031088348,-8.38001590377314,-100.42859621265535,-32.5076891487078,-100,-52.33015355070578,-184.2771506030907,-19.370468057708525,-76.3555667488493,-27.605067854733946,-785.8625991832344
-522.0242313728447,-602.6217740183973,-629.1426454764147,-482.203951486008,-458.80000121008,-613.9227109689803,-433.2794926644058,-400.90959526632525,-329.7812061607201,-336.91607164953837,-371.94494119901253,-386.641409677779,-395.7555108143132,-424.4816100289893,-390.56566225216176,-355.4303804237367,-201.17326257160155,-367.5308506707253,-369.32548684932954,-162.82861409269063,-228.5302713124006,-300.05277744852646,-239.53188396245196,-100.42859619405428,-150.73513227682454,-101.44108331341664,-54.918924988743534,-73.31238045402743,-19.136326188967814,-94.30495806944916,-11.143840635670557,-84.24506707726081,-143.15136925767604,-53.20498497119422,-157.90667832348873,-10.831011714717263,-15.227741400778346,-16.14255400560124,-14.851456131330872,-180.61648231408333
-604.0656927074648,-668.212289039716,-534.3211341837443,-618.7825966204717,-642.8455338094789,-533.435625366379,-634.8701295280931,-506.3819543464104,-480.3575721902844,-525.999999787,-419.93537899572163,-401.25785818259135,-593.5546373489301,-254.35556681355126,-508.43219304301647,-306.6039462715978,-253.50286864048564,-203.5150341885556,-211.42815642424077,-149.34882978280385,-380.1308819697159,-28.706584085855056,-206.06398312559048,-237.87152822555436,-138.44722039550658,-199.54800619028552,-102.16073795019456,-48.762882530039086,-56.842324086926794,-43.46188281107892,-77.95070958935587,-60.53910398283237,-19.643533164771817,-17.899828739272714,-26.228991946030277,-102.45304211416601,-140.7640495780613,-33.70484465626183,-14.56398657049878,-770.0713067711578
-577.5863957052571,-651.5486102842538,-574.9087669824698,-470.0440846826424,-614.4750142026509,-425.69761344601665,-335.7401206482811,-266.62506415307956,-489.1090825567159,-228.86458291707237,-427.3816489196548,-465.4913991532395,-243.8338274043732,-112.49501459899327,-234.06487136153441,-147.30976736973514,-286.9122089119346,-225.47794322239935,-328.29752702776136,-150.86117287686798,-285.811983617561,-28.507165948867396,-174.13994942523428,-265.9696046310597,-59.93875845815796,-123.66504047306438,-119.80976196824523,-62.731768744009,-144.36344588424387,-13.854668829658708,-111.48424437312829,-18.086821157364714,-53.722369802321694,-55.18271179105596,-4.571816328192302,-8.583302943358614,-37.05474716360035,-14.322378885752466,-8.111307362877438,-462.9130447018089
-583.6849028232501,-595.7680447472552,-656.8804903268147,-566.9095866981745,-613.7163581172152,-473.2688326412127,-508.5946586783981,-677.0468170563668,-414.3852236046857,-294.47063992444424,-207.09637392392443,-238.85904047577387,-519.0086553858719,-377.1135800948032,-288.9474335086891,-409.6852385256488,-343.1918853866638,-62.87917107403922,-190.1187929324072,-301.83372224762445,-232.47170850795607,-256.1306441368669,-325.61571897201316,-127.42721114584235,-124.92687866976235,-40.668163147891725,-47.73719313864409,-73.35370175958964,-43.38341628408996,-68.57011341464724,-9.22497298650406,-23.402864623722277,-6.319137403807988,-2.4888244495505165,-13.821948281209307,-11.767463499204624,-15.163108468889988,-24.123628166943057,-30.2922521780239,-463.48265321291603
-575.060459484619,-247.01763241731692,-604.895061590932,-456.6823240958522,-473.6398370190375,-511.2064822878959,-323.39869256751564,-452.68738283134354,-377.81276712932527,-483.7497073409829,-255.53173073043976,-298.2776811104188,-344.07802238752066,-329.497098263202,-348.78567341876806,-178.2892946427361,-262.5697309727415,-220.74247896953534,-258.03740727833,-85.41530579646427,-100.42859620129755,-268.58428395457616,-193.72866116316342,-109.82619225183964,-110.38543909180518,-14.56195527250641,-67.95557901414125,-34.57102488357456,-129.23369723954582,-86.37494674770356,-15.191382992482268,-10.051299273354065,-26.990897500475846,-11.12398219289992,-9.103542173628357,-26.155689490843326,-40.26293580006162,-12.296643061386039,-12.375601111800258,-480.2338293511017
-483.8039502281533,-571.3324441442501,-687.253899101544,-329.31291198021177,-515.2227117125774,-338.01407715589266,-300.443510983132,-370.42224073116347,-431.8837662420829,-414.6619239742413,-459.9385948726276,-502.8586890338517,-192.55275420491634,-349.7055118287305,-297.2255735799997,-396.36434333474574,-116.45857852679991,-280.8397453112,-146.4864641697798,-276.7150513176468,-150.47729005145968,-50.7798883914385,-25.533167887562396,-237.96572712168515,-169.51388749194788,-145.11064744353752,-61.96540190685147,-45.424345505885825,-134.86065372710297,-77.46984863790892,-64.48965688034427,-5.567695350289485,-7.845919978591921,-4.8928078173122564,-8.9698382435712,-12.737217442932357,-12.748568873273232,-14.183437830486188,-11.872572769301568,-417.0855299156671
-599.9173772118537,-582.0797224226347,-521.8485614159215,-412.1300553233442,-495.393753360108,-582.1454532305203,-358.31414864053625,-419.90073081396895,-499.77896130724656,-404.07926337260307,-280.63696658487623,-393.20211700951404,-149.73980963860095,-174.7259795599727,-391.79001787728106,-316.06822780159547,-188.6645250835246,-176.11469615390916,-277.38024643450103,-136.6830530811523,-182.84843262454586,-164.13806895629003,-199.4111188649593,-29.948001780144857,-53.764365007135666,-87.27185853150507,-102.38480760309504,-27.800454508145496,-12.943710237254153,-2.155777162667505,-13.985600948807898,-17.96845072804414,-15.59808923892409,-10.657972653001359,-12.998886364368193,-19.954915410674424,-8.825325576199479,-26.934439887334133,-9.288430422306824,-581.4456083541753
-489.0325324723653,-477.7951382497127,-461.99458092690645,-436.74836270993075,-413.12525470569074,-418.41756331385875,-218.25610347782361,-300.2004200548284,-360.32279571408145,-218.33373566838318,-148.63818334005464,-118.19430689087346,-89.1200814821277,-201.26085926413703,-177.81104076084617,-157.25543278651878,-140.60143174901637,-224.7583410347507,-96.68259216132104,-174.03621955450404,-319.8245476981757,-105.41319683889364,-57.41130877268572,-38.269213865189485,-44.68884513772755,-8.666717969132486,-17.384506281701082,-35.03666538882344,-27.601042546664885,-23.183637843740115,-16.332578417042555,-11.627110196027646,-6.565356010595281,-16.560935598570165,-8.92918383205991,-8.9065044911436,-11.783922883415082,-7.907173537786181,-14.084306241920169,-477.5566512181248
-528.1567021290371,-529.8102102731609,-590.5787057892405,-349.3129653731077,-444.9289496850148,-340.5694589878294,-343.1844445893156,-213.4491185696065,-401.83830931078404,-336.15045834876236,-227.35627456336834,-224.58633439932922,-210.7099583018661,-181.14238518605526,-348.5928961343915,-69.32046718541622,-75.42201543604055,-208.85373332987473,-161.0124357515976,-67.35106392254187,-28.81123855029088,-83.48193758695007,-251.50384842181427,-37.46451167798548,-199.88596047335062,-103.33784213432682,-63.72842812921972,-7.851762658962536,-5.21986624271221,-27.375934431763817,-12.464528906499437,-5.007853234389385,-28.30126894460438,-15.298080707382656,-12.98564574361846,-9.036451018140076,-34.36732584056356,-16.91579135193345,-19.057262093314495,-571.2294002563448
-376.0062605204017,-345.7721715868672,-339.138977967007,-295.4299030520325,-614.4144915630583,-286.57927675271526,-412.8013709618655,-285.36092886055866,-260.60170522740094,-284.49795342234916,-278.9026802506614,-174.58167080178598,-261.69826079661414,-90.29286925702357,-121.58775182372455,-193.2206436962977,-302.5057240086133,-208.16570119791197,-105.90482181698003,-138.04256911943295,-160.94419813541955,-123.93608024907846,-27.68098863867818,-153.92090819297798,-145.0573034176736,-22.79645258988023,-3.077616468490277,-1.707394070719444,-31.471766828932466,-6.173649479995614,-4.420712079116349,-11.753926891910517,-13.498305725664927,-9.05055385861093,-33.78908128956546,-20.650221358986357,-8.45480860798503,-22.44111948217069,-12.579760488901364,-414.6207350946182
-420.75908419701057,-314.85850262055766,-477.14830864884885,-518.2195970632107,-348.04532949068044,-305.51332344199784,-307.66069287471726,-262.16179365942304,-356.35981490442697,-389.2349763504775,-98.64825578491714,-71.01678720679234,-128.11296218935976,-72.2371086585743,-197.16263162861833,-307.178414212267,-75.87068403573456,-69.13023429252851,-97.99796728573985,-76.9933914669614,-64.37000313860791,-126.67591194788663,-121.40241244518785,-3.1121109907369044,-10.012487114275693,-79.38264827695487,-56.778542051181475,-8.751091705335606,-16.306309946277885,-9.767484074493717,-4.107439687607193,-13.969808350717436,-12.525014708496906,-12.620129990065593,-11.578182980212116,-9.837682303726165,-14.095206462973495,-19.907315602945268,-18.74058043969563,-373.84629161810864
-457.75492331183057,-204.26671019387322,-447.20473103286946,-307.308190564549,-281.57560604412544,-383.0529772221177,-411.2936975585381,-177.29339209159636,-196.6966751541294,-241.16737817755438,-180.11497096469606,-107.50905906172108,-139.734201558513,-9.418814356224031,-106.56715867862353,-64.2501603527044,-155.59846399587897,-36.05584251476154,-36.73621991657198,-136.90193015178917,-196.72811425118928,-49.222336395596635,-33.061332113017485,-7.8569299762454206,-14.06320007822563,-8.636347856878007,-19.159135827180982,-2.878908342115918,-16.591059103500058,-6.783338202906464,-15.086009534753455,-10.222011402747384,-10.395926943890354,-15.185313388389075,-7.698237976807205,-24.238672780495854,-23.74638824274757,-22.86560901104595,-12.91014544149311,-412.24928988201424
-245.57553340783824,-409.8459071538237,-450.45082429961883,-397.80617904375845,-344.6512283644371,-348.8980742156699,-19.34175868024931,-305.1923190345541,-387.9565289383834,-175.59183871110375,-225.12321507396587,-247.71546403555044,-87.36909499252098,-144.6875119844943,-215.96729852870737,-58.48229116662564,-78.66066624183301,-83.27844056023494,-63.081963624786695,-191.4268272673185,-19.41577092012364,-133.28358444623282,-6.500464682508012,-49.3985946835365,-8.945314809146586,-2.918840689920734,-24.054053615007454,-10.040799887300647,-12.129767993115767,-8.75105301258828,-12.362172446346232,-12.193622327173022,-19.18359799025785,-103.7760975707787,-20.3191168235559,-20.090768669232798,-18.677853877204814,-15.873315295402401,-18.965197544831266,-531.6194194549034
-465.5914188393409,-306.74607971236526,-295.9464401509735,-226.2840168495527,-325.0585951159936,-277.30133488370507,-301.3917325897326,-123.14281368368202,-264.05920804146655,-389.5901404976613,-200.43078905008616,-191.03411418255678,-210.6245939908142,-292.90744997105185,-68.0857849315563,-222.4588266919528,-69.93958459227889,-124.67214572758641,-141.61105607681165,-21.122810417761226,-4.508633503668239,-4.8305511934047445,-13.884390452664807,-9.200676589499288,-18.537341120217977,-4.6448809083900295,-97.86614423708154,-5.787129062296988,-9.9283890667789,-11.62337737850209,-5.427338272834319,-5.869268424668402,-11.3352517774435,-16.45670214224731,-12.865663414341522,-20.66055988600516,-20.18561860606364,-29.629564923843674,-100,-295.14925134080966
-419.0838088175723,-393.3341787878403,-340.60797257641747,-383.6459618524671,-255.1731970845388,-223.0733704514345,-434.9528579090869,-264.7616218965891,-353.6712767733244,-273.13410305567226,-116.16330442110672,-221.81669388987325,-188.82639549940225,-121.6928495987085,-85.38915999329974,-67.74652589092432,-44.47658650851896,-48.719737259248795,-9.821457807473333,-15.509873260832519,-10.6633330445888,-11.976048509543766,-4.334897540745757,-8.224841993133657,-3.721125889154172,-10.846970351718317,-64.42804855320944,-6.888841440454845,-2.7565903037649093,-20.799750089282544,-22.22340690544612,-9.568582438155861,-15.54029281790746,-8.480248214806107,-19.451388715805074,-35.586319413131534,-35.8339954726621,-100,-100,-343.77347647348614
-420.20297967126135,-418.1421874803421,-277.8355615511162,-206.44852710024128,-265.1075484048961,-350.7737242287696,-148.80920754131574,-132.90376877601577,-200.97247168947004,-112.34745619915054,-22.484425152608264,-99.31302981816907,-192.17012379934965,-61.89704139465738,-196.56035586471378,-161.78714310012492,-16.39142313644705,-69.3886398529034,-41.11863743010625,-75.53117619470433,-44.064264682669084,-50.06716251610084,-43.96182592002979,-12.473587373603932,-6.9352632669898355,-5.972703436515986,-9.849937270374623,-8.308950925346611,-16.5764969207595,-9.55588392930683,-11.929444138084062,-11.551840879306827,-12.154592419034364,-23.407886979772396,-13.597406562024558,-100,-33.64462802348065,-35.65815138480653,-100,-222.14712627646045
-299.8066743618545,-456.3939547906972,-229.77371494643415,-218.78810457793747,-93.16976093383663,-266.9173758979635,-289.9533767598216,-72.33281911074836,-132.103593389726,-168.55532866286092,-127.16051589967954,-94.69213747929174,-129.0045274333513,-69.89061640299361,-86.0666669179046,-22.74227362034277,-27.638379413973357,-16.977963604511814,-3.5699166715075985,-152.42050616317854,-38.16864300224735,-6.778776299180574,-5.371096348710227,-18.504682959527784,-10.525654493298847,-15.945760176555861,-7.700369840187099,-17.628227985864395,-16.43165460488146,-11.228992510977994,-16.48650787012166,-10.22146031655403,-14.12944546439753,-20.55318077954353,-28.65677012657343,-100,-100,-100,-100,-266.9511546512914
-376.68327080590393,-197.32565751977464,-335.6540063556075,-272.86251959649877,-166.98307072956592,-418.68060667105885,-217.35459530457206,-137.8014462135817,-122.53684588968544,-123.01315529897525,-128.93746355197976,-46.84757630724299,-116.18658923535787,-70.72415305122004,-66.3224887589145,-39.33540301475186,-76.51076715088425,-6.5988651862692915,-20.943914864836835,-18.789251400815196,-7.2521409669778505,-16.064773036382967,-8.143264427735067,-10.904881337057148,-16.57875911458752,-10.366554302538114,-14.090078586509254,-11.302472804576063,-9.725660556162037,-16.258490435491133,-17.87985817865045,-23.67204935337127,-12.076077192892871,-24.7879270194898,-26.46206337803237,-63.10719561190841,-55.499148605865514,-100,-51.59239631003891,-356.4007421563066
-331.19840391380524,-361.3404335812829,-95.88587421196235,-284.81967883068677,-241.7697223719298,-221.50002994537076,-67.61870002550658,-181.4796063123577,-189.23677966943478,-10.32098287021325,-152.49415073210616,-116.04882630435876,-117.1277854443897,-25.76669794094292,-30.169942284662138,-15.721372658051154,-76.61723213829038,-16.74123580780268,-27.603801337095994,-21.48279253485314,-6.6364920962632725,-18.5160928758474,-43.749731309757095,-11.484117838916545,-8.864207723582837,-10.48483937125904,-20.335294986063538,-19.17825119895176,-12.636305016720277,-25.495473071820406,-16.096960959762832,-16.202240235797866,-20.24573847011857,-33.63499293258329,-49.32295683910092,-100,-100,-100,-100,-82.29849992390723
-327.9045910464866,-264.3477952404025,-229.00212087180319,-420.51506493027415,-287.81282559465615,-267.0363945907175,-211.05138651922135,-39.089201553072755,-111.58056196078613,-69.20023742446082,-60.51492059655919,-127.85806473016865,-17.632574578808924,-53.161779486463416,-59.291686998896296,-17.009930893870052,-57.58794089611118,-87.43947203343328,-12.345350675662292,-9.278828836259294,-9.227802008016985,-13.974669979248583,-22.31573361791024,-14.829265604107935,-4.758247655489513,-15.24508321271562,-13.486397643246073,-9.981517293869803,-13.370034030114114,-18.238140088572287,-21.365965289850095,-31.373010060180164,-24.721979396926255,-100,-100,-100,-100,-100,-100,-367.58289392617036
-167.3453977780298,-266.44551381666685,-109.76995838167633,-234.31361996144332,-212.52968007636213,-120.28101131877033,-210.05449081509494,-116.99356712195983,-150.14226934780373,-34.94743683653086,-69.63876865538408,-17.162520395583265,-100.64428182881338,-38.46270990616393,-62.59023542546093,-12.516576802272434,-5.930355262963309,-14.70134159342171,-20.291837486868292,-5.603309074836011,-9.673251922332195,-14.072262440044078,-9.52347266644998,-9.035764064927955,-11.372422159874136,-12.972205046045632,-10.10306630815155,-11.442365318387399,-16.864264276764573,-20.182201115217623,-18.4955031677026,-51.21748563733254,-100,-54.64653929815784,-100,-100,-100,-100,-100,-283.7952328874843
-229.3305637559189,-370.10607481342754,-118.37266766207625,-235.98289982227857,-284.19240647645216,-155.23143069794088,-109.6102378295837,-38.83887697662925,-91.55102066303337,-155.49249516899988,-55.41461121700388,-17.640138946794696,-30.127084923341094,-56.727784309801955,-27.518602185604973,-19.2761367363939,-21.589651877743297,-17.063992106270646,-4.405215068966304,-14.682606047835234,-13.795588179028963,-11.746346807807296,-7.751117765155648,-16.68728018297251,-15.702388156517195,-15.26662647971947,-18.789927060299703,-20.879320484509975,-15.07572895224251,-15.85879252998981,-53.562127022539045,-100,-51.15030318452803,-100,-100,-100,-100,-100,-100,-309.4251646684897
-195.8244723523424,-79.90718395100586,-278.6446547398766,-266.1043987077802,-217.25565691734946,-89.33406897660939,-117.48387795341928,-181.24309318404116,-62.097608420144425,-63.649516501629165,-81.78579155512949,-17.06372766256888,-40.571129920115624,-17.16851982851834,-6.723627443732726,-18.540555878008462,-14.082060083155161,-11.365562646009883,-6.779372623178162,-5.716180296209211,-18.496378158877025,-14.549254606934628,-19.853677453507224,-10.18550317067013,-12.365557758460604,-17.087446195178305,-19.316213355072588,-13.53340981558733,-6.857246186939311,-33.64704689383512,-100,-100,-100,-100,-100,-100,-100,-100,-100,-236.66908560573165
-56.12028398691527,-337.8704969000116,-146.9792394468082,-188.544338783137,-170.1010571770105,-209.90248253429343,-69.64606507371442,-211.9040416562239,-45.34397332993771,-170.25428023665117,-8.06177057488108,-77.31628241013574,-6.392495129212276,-70.35811092255034,-22.05105386444035,-45.251856604198345,-7.7976128942435965,-12.371938717443955,-5.599675535635728,-12.412288544073466,-19.543145562368107,-11.366316977313447,-9.895242592655803,-12.465842431428255,-16.643200141739147,-16.582242136458625,-23.86447124156328,-19.07132067180293,-54.62855746370711,-100,-38.4349348591612,-100,-100,-100,-100,-56.45355573456283,-100,-100,-100,-244.83952379316278
-115.85556142528944,-265.3570648329311,-76.86976282872686,-186.5452250637327,-61.60671844896929,-65.23048558061825,-37.14534341251078,-39.40489230250191,-40.16518144822253,-84.8399971096817,-24.390151469777933,-46.88649609142607,-8.910563083034475,-17.455761079092476,-4.933669422855123,-9.92900450840451,-11.481881062027526,-20.614305282797673,-51.56286798507586,-12.031053504049655,-14.730804847148747,-9.514727327748814,-12.348410954299714,-18.30294257285021,-17.03362068302356,-16.2026963570821,-17.181334523436185,-16.817965888025515,-100,-50.425817632789524,-100,-55.49921990059323,-100,-100,-100,-100,-100,-100,-100,-247.70260143484154
-95.27406972173168,-75.53162530479322,-156.62085618954467,-111.91400245249898,-79.71039461998086,-120.33693006262278,-15.095821723879073,-114.4257628724206,-110.09465088090012,-37.511772677524824,-7.410245213958728,-61.94413323189826,-12.68340497275849,-27.51750576235729,-14.274648422303827,-3.307747838084566,-19.89061449740265,-12.958443171839711,-20.239620764315955,-15.540831931310422,-17.036416725716578,-17.854383591510803,-9.34057213601917,-13.893383122505702,-20.046810929024954,-20.821530406128183,-15.611688232083566,-36.64148743233258,-100,-100,-100,-51.249002653362595,-100,-100,-100,-100,-100,-100,-100,-203.3288776653861
-32.45588895870174,-138.23072728429577,-80.01403543499904,-138.414244717591,-54.04714366846319,-21.3977575735573,-16.047392041879238,-16.355694798262874,-63.37832931122667,-4.085306729513663,-8.108135091741183,-11.208761981181693,-15.555900906903888,-14.435909368396617,-17.59322669560781,-7.9003311429314,-10.046544134691112,-8.128795652969972,-12.355978558601734,-17.215502769360974,-14.412468030601389,-10.806153186364524,-23.287477504332294,-11.377066151024247,-20.858397161365218,-34.2072131526322,-31.682800593767922,-51.54122714422741,-100,-48.99929868024475,-100,-100,-100,-100,-100,-100,-100,-100,-100,-57.14153622670138
-201.87022922085993,-41.02826022421744,-102.86504910481801,-44.59930957820252,-12.726652804290374,-88.39090301386915,-105.98836086155313,-38.497733918633344,-77.14285381625635,-9.76826599664024,-6.520745433531206,-16.29070620580406,-15.397052994275418,-5.723844516161498,-15.253313830970356,-12.547051282730036,-17.237172262217392,-3.8184675326930595,-12.133182531310908,-17.723241684867926,-11.90083060240962,-21.67498783109663,-22.14843365813209,-21.664712880108077,-18.963361887755998,-32.330608297152125,-100,-100,-100,-100,-100,-100,-100,-100,-100,-100,-100,-100,-100,-141.86141217338968
-31.680227225459287,-105.22479287919356,-81.02690379513862,-162.24937858818583,-19.06250145711186,-31.708874576320728,-6.454859891900967,-16.847194279262787,-9.976825402350931,-7.565387692209976,-10.067662241083891,-16.78955635685417,-9.461560763410068,-13.683621554029928,-9.800330869699714,-18.828825809640406,-11.556192737511498,-11.237124675025198,-21.993630974698075,-14.430880788979806,-23.587620195712788,-20.146573113681697,-26.4003501625375,-20.167234240253542,-16.23399130212122,-100,-52.89952856187698,-50.1552834046032,-100,-100,-100,-100,-100,-100,-100,-100,-100,-100,-100,-15.221509755401945
-224.84477209224417,-22.852555733268982,-52.86231263411524,-108.3581980076253,-30.312272386222247,-20.208461884530237,-65.49973040720313,-9.311764914513551,-7.788361110704042,-10.281669199588789,-12.734453181127913,-8.853997045580662,-14.378722593028346,-17.161517753194985,-7.579013419620445,-12.034963799889633,-10.412408730828496,-7.374364463523395,-12.624845738272064,-14.13900114246283,-22.832094347803995,-16.015702403160418,-14.390202931793791,-42.4599682553395,-100,-48.96633371315265,-100,-100,-100,-100,-100,-100,-100,-100,-100,-100,-100,-100,-100,-128.69617594022344
-8.913900332861477,-98.66968412999515,-32.00829145248854,-8.076125114328402,-40.267385071107086,-17.224952900472474,-11.780205030663366,-28.026917132410034,-7.323214221964819,-5.680484161656237,-7.6337273660680935,-12.936851651869166,-16.5941033189249,-31.071359711231846,-15.037290649872709,-17.763242498167173,-19.080774841285546,-13.394044662870325,-13.383590573279182,-24.873810691792592,-12.572258258046531,-19.80323872778635,-27.936248034763523,-21.7310338778055,-100,-100,-100,-100,-100,-100,-100,-100,-100,-100,-100,-100,-100,-100,-100,-89.8421408471994
-28.236049214262987,-135.310944883799,-32.93506757231948,-53.50510251434796,-20.364843910867275,-17.14464907409264,-6.6063987963992705,-18.086555588466393,-9.336805421867663,-10.663813297095157,-6.992538475900874,-8.300816479140753,-12.735059292606397,-23.84238698464333,-17.747655688384935,-16.73743239714838,-11.51077919197466,-19.770649985493648,-18.255911574577006,-18.563819051055404,-16.20392130419248,-20.416112087610237,-100,-54.51132205184674,-100,-61.60006223098693,-56.039277631473546,-100,-100,-100,-100,-100,-100,-100,-100,-100,-100,-100,-100,-21.564245078517605
-17.089812644856416,-9.430384515772044,-3.0526509586159585,-14.95560650276088,-23.811692977499607,-10.636810998254962,-10.299120103287903,-13.100195776062765,-5.429162830166697,-12.35082992751176,-19.691645552052503,-9.950259467430449,-13.630499058499698,-14.858417748076647,-16.236102811963104,-17.763511053036527,-27.887884934174053,-20.52013783948224,-19.593508190757255,-21.164081721655315,-50.673290413963116,-50.56296433137887,-100,-100,-100,-100,-100,-100,-59.8000000201,-100,-100,-100,-100,-100,-100,-100,-100,-100,-100,-90.48185058427121
-14.68027864506654,-70.58371547005919,-40.05659377958515,-7.402843130739527,-29.816213827781517,-30.7386841872402,-8.69511835365026,-16.89175353674515,-10.362739420346061,-32.344395123663205,-16.60642000093039,-20.797520930004758,-16.57993562257979,-13.678797627410244,-7.939052932838226,-15.957547831538418,-29.389274067127758,-23.528216885478955,-28.881423802672604,-47.064658215682954,-100,-62.8960000530976,-100,-100,-100,-100,-100,-100,-100,-100,-100,-100,-100,-100,-100,-100,-100,-100,-100,-73.3951778432286
-7.639695044234106,-2.69170100461634,-7.866573225154751,-31.99602798362438,-21.86274690110249,-15.047814038823116,-28.637920120144038,-23.287187965905837,-7.843978550373128,-17.671615663405092,-9.67921210365891,-14.947232985044701,-11.31438950743867,-16.64844814194767,-18.549870770346928,-18.13609352775048,-12.43471596970792,-25.201661065102257,-11.877478244509396,-57.54575297931513,-47.608143386936575,-61.345455963143706,-100,-100,-100,-100,-100,-100,-100,-100,-100,-100,-100,-100,-100,-100,-100,-100,-100,-71.97506339758348
-101.53688609302381,-39.6717699945588,-4.92207842727163,-3.4849431531598185,-7.855469055390708,-7.316265114895972,-4.488206437777976,-10.373295618307074,-14.965751282591537,-18.558843698979942,-13.27308490842229,-18.832858310911334,-15.800714473507306,-17.918692740877407,-18.974038472171955,-21.325267872584405,-21.618742139623635,-17.26869794858011,-100,-100,-100,-100,-100,-100,-100,-100,-100,-100,-100,-100,-100,-100,-100,-100,-100,-100,-100,-100,-100,-8.57836543253194
-9.858734625693083,-6.54011698719148,-9.516301311869192,-11.288729363364357,-7.5425976447879,-12.571745746444426,-10.963974058222817,-5.633993996536146,-15.545950919680095,-12.718270580947122,-16.74232248968164,-24.404045073451307,-17.920550412908558,-10.99379619870243,-18.281967510624007,-29.034809654880426,-32.01750741929103,-29.213546910549475,-100,-100,-100,-100,-100,-59.50018639925791,-100,-100,-100,-100,-100,-100,-100,-100,-100,-100,-100,-100,-100,-100,-100,-37.52400645959278
-76.88825769814332,-7.078471587311151,-14.499436723369783,-13.381061264015358,-13.164824602670068,-14.920862101548893,-9.628329901727037,-29.472386524548213,-11.144439700035132,-22.426591681812937,-29.275531829576337,-21.797578136898263,-19.245994570882935,-18.47726112108835,-17.281099243720487,-28.760018996591235,-59.02171350499044,-100,-100,-100,-100,-65.2000000174,-100,-100,-100,-100,-100,-100,-100,-100,-100,-100,-100,-100,-100,-100,-100,-100,-100,-13.023386980747969
-4.145820806798158,-8.891936364227304,-5.165133612340745,-7.471787057776542,-13.283634100612254,-14.103702740272386,-43.95627844632514,-11.472344689764867,-14.615621544681787,-11.380350751951134,-9.967679804186066,-15.219924860018986,-26.370668634757227,-22.698463019032676,-23.248895687754256,-59.198785713262076,-54.520752464548806,-100,-100,-100,-100,-100,-100,-100,-100,-100,-100,-100,-100,-100,-100,-100,-100,-100,-100,-100,-100,-100,-100,-27.727453180315667
-38.47082397084386,-5.7731925416268774,-7.159075517091101,-5.16766480092735,-14.934585671247168,-14.843269771836628,-15.756766958856232,-17.887207560324455,-22.720595926859453,-19.430855673685542,-18.594812302906078,-19.48384660335332,-24.4269764776668,-21.451011898345445,-100,-100,-100,-100,-100,-100,-100,-100,-100,-100,-100,-100,-100,-100,-100,-100,-100,-100,-100,-100,-100,-100,-100,-100,-100,-11.28146466041018
-20.45932334464317,-8.529223938117804,-7.633013776430919,-9.559834148587331,-17.459064701385078,-9.716425780693196,-17.89613938467221,-21.367108459757386,-18.985587260796564,-20.202951917377884,-21.11160605721317,-25.438730850022523,-19.23298625907242,-100,-60.100186398957916,-100,-100,-100,-100,-100,-100,-100,-100,-100,-100,-100,-100,-100,-100,-100,-100,-100,-100,-100,-100,-100,-100,-100,-100,-18.203266392109278
-12.955826286810886,-13.747777011970449,-11.195835270022258,-14.45295846649016,-10.539641716615536,-16.491015252669225,-13.671476305720747,-15.658456093714383,-20.518228797273224,-21.49094763104207,-51.36619305845992,-22.06329761565069,-100,-100,-53.83538385345967,-100,-55.599743857238174,-57.61781390798743,-100,-100,-100,-100,-100,-100,-100,-100,-100,-100,-100,-100,-100,-100,-100,-100,-100,-100,-100,-100,-100,-10.269128199093242
-14.1903653271302,-12.771860595354696,-13.199494709793305,-14.109184028111894,-21.42746119292007,-23.370991132589474,-18.019477106412047,-29.067792366646103,-16.680184196252085,-34.31665429654302,-37.282283397907236,-100,-100,-55.0453256995308,-100,-100,-100,-100,-100,-100,-100,-100,-100,-100,-100,-100,-100,-100,-100,-100,-100,-100,-100,-100,-100,-100,-100,-100,-100,-16.20149771893296
-12.190618361151463,-18.46820607265636,-14.22888031262782,-22.267633442502024,-15.24224899699138,-14.85600758649095,-14.430141556522875,-26.367892334075187,-24.419784757384647,-55.42740704234512,-100,-100,-48.39997320879672,-100,-100,-100,-100,-100,-100,-100,-100,-100,-100,-100,-100,-100,-100,-100,-100,-100,-100,-100,-100,-100,-100,-100,-100,-100,-100,-10.797010008692343
-6.315694338831675,-20.42427650151592,-18.99598079587099,-13.804971074388309,-24.81345486136622,-20.028288843663194,-18.455928079259557,-26.157642693959545,-35.42389090449154,-58.63082660155442,-100,-50.351408747457,-100,-100,-61.43926561521718,-100,-100,-100,-100,-100,-100,-100,-100,-100,-100,-100,-100,-100,-100,-100,-100,-100,-100,-100,-100,-100,-100,-100,-100,-14.6450913671035
-10.26557349983599,-10.555927214892652,-24.01799339502463,-17.624412041080216,-17.120395701561197,-15.838832660085268,-30.18235770378273,-52.3845808666057,-40.237412928997976,-52.464540190029034,-100,-100,-100,-100,-100,-100,-64.15028379743056,-62.82346117230283,-100,-100,-100,-100,-100,-100,-100,-100,-100,-100,-100,-100,-100,-100,-100,-100,-100,-100,-100,-100,-100,-11.016246602391464
-13.85514607772031,-17.877027615288547,-17.205753144677356,-17.300744580356213,-24.317760340881968,-100,-52.145805670896,-100,-66.40000829919887,-50.13596187188648,-100,-100,-100,-100,-100,-100,-100,-100,-100,-100,-100,-100,-100,-100,-100,-100,-100,-100,-100,-100,-100,-100,-100,-100,-100,-100,-100,-100,-100,-27.447234907873792
-17.399363509849557,-22.4432327371293,-17.027429590768463,-20.13449400731814,-54.7839611790136,-50.85996819935346,-100,-100,-100,-100,-100,-100,-100,-63.835033082647186,-58.25355281748532,-100,-100,-100,-100,-100,-100,-100,-100,-100,-100,-100,-100,-100,-100,-100,-100,-100,-100,-100,-100,-100,-100,-100,-100,-35.33640310867105
-16.42896546381347,-33.36692594226335,-24.760072092925082,-35.32900558314315,-100,-34.16677696126785,-100,-100,-100,-61.6000000192,-100,-100,-100,-100,-100,-100,-100,-100,-100,-100,-100,-100,-100,-100,-100,-100,-100,-100,-100,-100,-100,-100,-100,-100,-100,-100,-100,-100,-100,-17.54080640179444
-19.39708529530712,-38.01922467721057,-55.3135261366884,-100,-100,-100,-100,-100,-100,-100,-100,-100,-100,-100,-100,-100,-100,-100,-100,-100,-100,-100,-100,-100,-100,-100,-100,-100,-100,-100,-100,-100,-100,-100,-100,-100,-100,-100,-100,-52.56715448363923
-40.649366026593405,-35.18532497688192,-100,-100,-54.89887578857124,-60.5049406501466,-100,-100,-100,-100,-100,-100,-100,-100,-100,-100,-100,-100,-100,-100,-100,-100,-100,-100,-100,-100,-100,-100,-100,-100,-100,-100,-100,-100,-100,-100,-100,-100,-100,-52.96573633228578
-52.49472302455191,-100,-59.93386129208046,-100,-100,-100,-62.5117473570031,-100,-100,-100,-100,-100,-100,-100,-54.14997407054988,-100,-100,-100,-100,-100,-100,-100,-100,-100,-100,-100,-100,-100,-100,-100,-100,-100,-100,-100,-100,-100,-100,-100,-100,-54.70267880209192
-27.066414731865404,-100,-100,-100,-100,-52.34939254394128,-100,-100,-100,-100,-100,-100,-100,-100,-100,-100,-100,-100,-100,-100,-100,-100,-100,-100,-100,-100,-100,-100,-100,-100,-100,-100,-100,-100,-100,-100,-100,-100,-100,-100
-23.076043201257427,-100,-100,-100,-51.79827021022941,-100,-100,-100,-100,-100,-100,-100,-100,-100,-100,-100,-100,-100,-100,-100,-100,-100,-100,-100,-100,-100,-100,-100,-100,-100,-100,-100,-100,-100,-100,-100,-100,-100,-100,-45.832712426536766
-26.62748799114812,-100,-100,-100,-100,-100,-100,-100,-100,-100,-100,-100,-100,-100,-100,-100,-100,-100,-100,-100,-100,-100,-100,-100,-100,-100,-100,-100,-100,-100,-100,-100,-100,-100,-100,-100,-100,-100,-100,-100
-26.079717460112317,-100,-100,-100,-100,-100,-100,-100,-100,-100,-100,-100,-100,-74.29133873105238,-100,-100,-100,-100,-100,-100,-100,-100,-100,-100,-100,-100,-100,-100,-100,-100,-100,-100,-100,-100,-100,-100,-100,-100,-100,-54.10725964168419
-23.13129996412131,-62.230332150245566,-100,-100,-100,-100,-100,-100,-100,-100,-100,-100,-100,-100,-100,-100,-100,-100,-100,-100,-100,-100,-100,-100,-100,-100,-100,-100,-100,-100,-100,-100,-100,-100,-100,-100,-100,-100,-100,-100
-28.15226365350309,-100,-100,-56.63202267538096,-100,-100,-100,-100,-100,-100,-100,-100,-100,-100,-100,-100,-100,-100,-100,-100,-100,-100,-100,-100,-100,-100,-100,-100,-100,-100,-100,-100,-100,-100,-100,-100,-100,-100,-100,-35.24382888744762
-24.592105376520127,-55.03086627766705,-100,-100,-100,-100,-100,-100,-100,-100,-100,-100,-100,-100,-100,-100,-100,-100,-100,-100,-100,-100,-100,-100,-100,-100,-100,-100,-100,-100,-100,-100,-100,-100,-100,-100,-100,-100,-100,-100
-29.60333117368794,-100,-100,-100,-100,-100,-100,-100,-100,-100,-100,-100,-100,-100,-100,-100,-100,-100,-100,-100,-100,-100,-100,-100,-100,-100,-100,-100,-100,-100,-100,-100,-100,-100,-100,-100,-100,-100,-100,-100
-36.80900406619968,-100,-100,-100,-100,-100,-100,-100,-100,-100,-100,-100,-100,-100,-100,-100,-100,-100,-100,-100,-100,-100,-100,-100,-100,-100,-100,-100,-100,-100,-100,-100,-100,-100,-100,-100,-100,-100,-100,-100
-52.40799533953843,-100,-100,-100,-100,-100,-100,-100,-100,-100,-100,-100,-100,-100,-100,-100,-100,-100,-100,-100,-100,-100,-100,-100,-100,-100,-100,-100,-100,-100,-100,-100,-100,-100,-100,-100,-100,-100,-100,-100
-44.17172697032821,-100,-100,-100,-100,-100,-100,-100,-100,-100,-100,-100,-100,-100,-100,-100,-100,-100,-100,-100,-100,-100,-100,-100,-100,-100,-100,-100,-100,-100,-100,-100,-100,-100,-100,-100,-100,-100,-100,-100
-40.783223601340744,-100,-100,-62.449455947755936,-100,-100,-100,-100,-100,-100,-100,-100,-100,-100,-100,-100,-100,-100,-100,-100,-100,-100,-100,-100,-100,-100,-100,-100,-100,-100,-100,-100,-100,-100,-100,-100,-100,-100,-100,-100
-46.24657357890358,-100,-100,-100,-100,-100,-100,-100,-100,-100,-100,-100,-100,-100,-100,-100,-100,-100,-100,-100,-100,-100,-100,-100,-100,-100,-100,-100,-100,-100,-100,-100,-100,-100,-100,-100,-100,-100,-100,-100
-63.373989549703666,-100,-100,-100,-69.99742717017425,-100,-100,-100,-100,-100,-100,-100,-100,-100,-100,-100,-100,-100,-100,-100,-100,-100,-100,-100,-100,-100,-100,-100,-100,-100,-100,-100,-100,-100,-100,-100,-100,-100,-100,-100
-50.680380671013964,-100,-100,-100,-100,-100,-100,-100,-100,-100,-100,-100,-100,-100,-100,-100,-100,-100,-100,-100,-100,-100,-100,-100,-100,-100,-100,-100,-100,-100,-100,-100,-100,-100,-100,-100,-100,-100,-100,-100
-44.75071835801923,-100,-100,-100,-100,-100,-100,-100,-100,-100,-100,-100,-100,-100,-100,-100,-100,-100,-100,-100,-100,-100,-100,-100,-100,-100,-100,-100,-100,-100,-100,-100,-100,-100,-100,-100,-100,-100,-100,-100
-43.713945969247156,-100,-100,-100,-100,-100,-100,-100,-100,-100,-100,-100,-100,-100,-100,-100,-100,-100,-100,-100,-100,-100,-100,-100,-100,-100,-100,-100,-100,-100,-100,-100,-100,-100,-100,-100,-100,-100,-100,-100
-40.595676888338474,-100,-100,-100,-100,-100,-100,-100,-100,-100,-100,-100,-100,-100,-100,-100,-100,-100,-100,-100,-100,-100,-100,-100,-100,-100,-100,-100,-100,-100,-100,-100,-100,-100,-100,-100,-100,-100,-100,-100
-52.555253483942984,-100,-100,-100,-100,-100,-100,-100,-100,-100,-100,-100,-100,-100,-100,-100,-100,-100,-100,-100,-100,-100,-100,-100,-100,-100,-100,-100,-100,-100,-100,-100,-100,-100,-100,-100,-100,-100,-100,-100
-55.90229630653474,-100,-100,-100,-100,-100,-100,-100,-100,-100,-100,-100,-100,-100,-100,-100,-100,-100,-100,-100,-100,-100,-100,-100,-100,-100,-100,-100,-100,-100,-100,-100,-100,-100,-100,-100,-100,-100,-100,-100
-65.46709875202305,-100,-100,-100,-100,-100,-100,-100,-100,-100,-100,-100,-100,-100,-100,-100,-100,-100,-100,-100,-100,-100,-100,-100,-100,-100,-100,-100,-100,-100,-100,-100,-100,-100,-100,-100,-100,-100,-100,-100
-100,-100,-100,-100,-100,-100,-100,-100,-100,-100,-100,-100,-100,-100,-100,-100,-100,-100,-100,-100,-100,-100,-100,-100,-100,-100,-100,-100,-100,-100,-100,-100,-100,-100,-100,-100,-100,-100,-100,-100
-60.28982630557509,-100,-100,-100,-100,-100,-100,-100,-100,-100,-100,-100,-100,-100,-100,-100,-100,-100,-100,-100,-100,-100,-100,-100,-100,-100,-100,-100,-100,-100,-100,-100,-100,-100,-100,-100,-100,-100,-100,-100
-100,-100,-100,-100,-100,-100,-100,-100,-100,-100,-100,-100,-100,-100,-100,-100,-100,-100,-100,-100,-100,-100,-100,-100,-100,-100,-100,-100,-100,-100,-100,-100,-100,-100,-100,-100,-100,-100,-100,-100
-56.80007453705934,-100,-100,-100,-100,-100,-100,-100,-100,-100,-100,-100,-100,-100,-100,-100,-100,-100,-100,-100,-100,-100,-100,-100,-100,-100,-100,-100,-100,-100,-100,-100,-100,-100,-100,-100,-100,-100,-100,-100
-52.94228866116788,-100,-100,-100,-100,-100,-100,-100,-100,-100,-100,-100,-100,-100,-100,-100,-100,-100,-100,-100,-100,-100,-100,-100,-100,-100,-100,-100,-100,-100,-100,-100,-100,-100,-100,-100,-100,-100,-100,-100
-62.64342171817226,-100,-100,-100,-100,-100,-100,-100,-100,-100,-100,-100,-100,-100,-100,-100,-100,-100,-100,-100,-100,-100,-100,-100,-100,-100,-100,-100,-100,-100,-100,-100,-100,-100,-100,-100,-100,-100,-100,-100
-73.52842939014718,-100,-100,-100,-100,-100,-100,-100,-100,-100,-100,-100,-100,-100,-100,-100,-100,-100,-100,-100,-100,-100,-100,-100,-100,-100,-100,-100,-100,-100,-100,-100,-100,-100,-100,-100,-100,-100,-100,-100
-58.38330819437963,-100,-100,-100,-100,-100,-100,-100,-100,-100,-100,-100,-100,-100,-100,-100,-100,-100,-100,-100,-100,-100,-100,-100,-100,-100,-100,-100,-100,-100,-100,-100,-100,-100,-100,-100,-100,-100,-100,-100
-69.07989687974624,-100,-100,-100,-100,-100,-100,-100,-100,-100,-100,-100,-100,-100,-100,-100,-100,-100,-100,-100,-100,-100,-100,-100,-100,-100,-100,-100,-100,-100,-100,-100,-100,-100,-100,-100,-100,-100,-100,-100
-72.58322187825011,-100,-100,-100,-100,-100,-100,-100,-100,-100,-100,-100,-100,-100,-100,-100,-100,-100,-100,-100,-100,-100,-100,-100,-100,-100,-100,-100,-100,-100,-100,-100,-100,-100,-100,-100,-100,-100,-100,-100
-100,-100,-100,-100,-100,-100,-100,-100,-100,-753.9999940485999,-1017.9931567172118,-765.9896667590842,-1114.5768421230227,-100,-669.9976957798351,-897.9974946830965,-729.9999820450001,-100,-777.983798370583,-801.9993994392736,-657.9866659156127,-813.9977584006652,-645.9977927996315,-100,-100,-681.9999705508008,-633.9863647012044,-100,-681.9909700507312,-100,-100,-100,-914.8361600272606,-100,-437.56311324896166,-100,-681.4563950077164,-525.9998777380191,-100,-1410.6377995269029
-100,-100,-100,-100,-100,-100,-100,-100,-100,-705.9999944853998,-100,-100,-100,-100,-100,-100,-621.9879396454373,-741.9988716860421,-100,-100,-100,-100,-100,-100,-657.9866659156127,-100,-100,-100,-100,-417.99999710619994,-100,-417.2747858992549,-100,-453.99798291394126,-100,-100,-100,-100,-100,-100
-100,-100,-100,-100,-100,-100,-100,-100,-100,-100,-100,-100,-100,-100,-100,-100,-100,-609.9991036758279,-100,-100,-100,-610,-100,-100,-100,-100,-100,-100,-100,-633.9995431632082,-100,-100,-100,-100,-393.99999162100005,-100,-100,-100,-477.99999981099995,-837.9823645980683
-100,-765.9800512068873,-100,-100,-100,-100,-100,-789.9892943900422,-100,-100,-100,-789.9835116160801,-100,-100,-729.9992106735227,-100,-100,-681.9984033434856,-100,-100,-100,-100,-100,-100,-100,-100,-100,-100,-537.2765979384022,-100,-100,-100,-100,-413.56503689233205,-100,-100,-100,-100,-100,-957.9973063134046
-100,-100,-100,-100,-100,-100,-100,-100,-778,-100,-100,-100,-100,-100,-100,-100,-100,-100,-100,-100,-100,-100,-100,-100,-100,-100,-100,-100,-501.9991099730316,-100,-100,-100,-100,-429.99998330200043,-100,-100,-100,-100,-100,-813.999795082032
-100,-100,-100,-100,-100,-669.9974050241233,-100,-100,-100,-100,-100,-100,-100,-100,-100,-100,-100,-100,-100,-100,-100,-100,-100,-100,-526,-100,-100,-536.4227811989441,-100,-100,-100,-100,-498.54944775311964,-626.7908006967849,-100,-449.7400794432092,-100,-100,-100,-100
-100,-100,-100,-753.9843718795889,-100,-100,-100,-100,-100,-100,-100,-621.9981354194628,-100,-100,-100,-100,-100,-100,-100,-100,-100,-100,-100,-100,-100,-777.9984464537204,-100,-100,-440.5845969254577,-100,-100,-100,-100,-474.8043286135,-100,-100,-342.6757717714381,-100,-305.77936287652614,-825.9882941452043
-100,-753.9973562105477,-100,-100,-100,-100,-100,-100,-100,-669.9974050241233,-100,-100,-100,-100,-693.9858056521037,-100,-100,-100,-100,-100,-100,-585.9991458557888,-100,-100,-100,-525.9941286964707,-100,-100,-100,-100,-100,-524.8569849457551,-429.99989073701965,-437.56764948505696,-100,-100,-100,-269.7803384699181,-100,-1099.5926732833016
-765.9979090964189,-100,-100,-100,-100,-100,-100,-693.9989560459642,-100,-100,-753.9999940485999,-609.9976781794787,-100,-100,-100,-100,-100,-100,-100,-100,-100,-100,-100,-100,-100,-100,-405.2748295754336,-100,-100,-100,-100,-100,-100,-100,-100,-100,-100,-100,-245.02831282538492,-100
-100,-100,-100,-100,-100,-100,-100,-789.9999937209998,-609.9889978402161,-100,-100,-100,-100,-100,-573.999997393,-100,-100,-561.9998674060207,-100,-100,-100,-100,-100,-100,-100,-100,-100,-453.9906612516448,-474.4559581225077,-100,-100,-100,-100,-100,-100,-100,-412.56955074314857,-244.42272061785357,-100,-265.5327598550973
-100,-100,-801.9999799930001,-100,-100,-669.9976957798351,-100,-813.9993891732782,-100,-100,-561.9933726587051,-100,-100,-854.7995843383399,-100,-100,-100,-100,-100,-100,-100,-100,-100,-100,-369.99612687846405,-100,-100,-100,-510.4276307045133,-100,-100,-100,-100,-317.5691248892531,-100,-341.9901794576135,-341.0362134960361,-100,-100,-100
-100,-100,-100,-621.9866711124132,-765.998525477709,-100,-100,-816.3943351945405,-818.7952969338211,-710.7956659177672,-100,-100,-100,-100,-100,-537.9987983925201,-100,-100,-100,-465.9926394496372,-100,-477.99706933990666,-100,-100,-584.5791940352653,-462.4470261610036,-100,-405.99986768563093,-100,-100,-100,-165.9999999934,-100,-282.46461605616025,-100,-232.47444463860435,-100,-100,-100,-991.5952084381432
-741.9963418947748,-837.9937016404679,-100,-741.9991956387328,-100,-100,-100,-100,-100,-100,-100,-100,-100,-657.9999886168,-100,-100,-100,-100,-754,-100,-100,-100,-370,-100,-100,-489.99004163571107,-100,-100,-100,-100,-100,-100,-100,-100,-100,-100,-340.37340409396387,-100,-330.795999884602,-1169.6750745111808
-717.9904114971682,-765.984085125086,-100,-100,-100,-100,-100,-100,-100,-100,-100,-100,-100,-100,-100,-562,-100,-100,-513.9999994204,-429.9912943871265,-100,-100,-100,-100,-100,-100,-222.4656592546641,-100,-388.41880905915207,-100,-100,-388.4007450105746,-100,-100,-100,-100,-100,-100,-100,-683.3548450231881
-729.99131708633,-100,-100,-100,-100,-100,-645.9983964004551,-100,-100,-100,-549.9888822151479,-100,-100,-489.9996991541239,-100,-100,-100,-619.5963427183024,-100,-100,-100,-100,-100,-100,-100,-405.99950409682293,-100,-100,-100,-414.6045923487382,-244.40363893683846,-100,-100,-269.15539548554466,-100,-100,-232.82843590746515,-100,-100,-950.7944077897304
-100,-100,-100,-950.789660294019,-100,-693.9871857197811,-561.9999993531999,-100,-100,-645.9869526701156,-100,-585.9883864426304,-585.9895155889119,-100,-100,-100,-609.9878129336245,-501.99656918627113,-100,-100,-377.2896124154273,-100,-100,-341.5637337370234,-100,-366.4470821515238,-352.7112306749726,-304.422131936696,-342.46562519365796,-352.40118361743316,-100,-100,-100,-316.4029578589374,-341.0364263310868,-426.46461459652363,-100,-355.8422165505177,-100,-753.9999940485999
-825.999999637,-669.9992199555634,-100,-100,-100,-100,-806.7999823463199,-100,-100,-100,-100,-100,-100,-100,-100,-100,-100,-500.57696508237643,-100,-100,-522.6763801101042,-417.9988641061095,-100,-100,-100,-519.5082828670756,-100,-100,-496.56937469695225,-100,-100,-526,-100,-100,-100,-100,-100,-100,-100,-1019.8493685428955
-957.99994437521,-100,-100,-100,-100,-100,-537.9884452774588,-585.9982640112239,-100,-100,-100,-100,-621.9999851230001,-609.9878129336245,-269.29042170272396,-100,-465.28031013782953,-100,-100,-453.999999823,-100,-100,-100,-366.6764446163831,-100,-100,-100,-100,-100,-100,-402.59572177359985,-402.6999180775313,-100,-268.48507990682515,-376.57458866070766,-100,-100,-100,-124.41819534279837,-1116.3957456661906
-633.9863647012044,-100,-100,-100,-573.9853562374899,-489.9982244901896,-561.9975072859568,-100,-501.98904730035764,-598,-464.58130762638666,-100,-100,-585.999986149,-100,-417.999999841,-100,-100,-100,-379.85825452263697,-675.7766137401713,-100,-100,-100,-342.60517898983625,-345.999992989,-393.99999985299996,-318.41611180921166,-357.999999871,-100,-100,-100,-100,-294.79599990260203,-100,-424.72205808835895,-100,-100,-100,-1110.5187006264332
-1026.6352487559432,-100,-573.9986078641314,-100,-100,-657.9998621740186,-816.398937201152,-100,-621.9905810667123,-100,-525.9977015234147,-100,-393.99999997059996,-100,-329.5645980352094,-100,-665.7115338954334,-549.989951614564,-485.28518298454225,-366.6049330984798,-100,-498.60543988461035,-100,-477.99967662114733,-100,-328.5752972162683,-340.9875662007507,-328.4209589355019,-489.99998888500005,-342.46461904997386,-100,-383.87409847623894,-256.4997177263827,-269.1679356597913,-257.47370338207804,-100,-304.2400009642224,-100,-100,-963.1117214365075
-573.9904674839563,-840.390439955642,-100,-100,-768.3955933130404,-633.9992692215278,-100,-100,-765.9939094167148,-100,-100,-100,-609.9965968327185,-674.7987705220236,-100,-100,-100,-513.9879809298438,-100,-100,-489.70320813885144,-328.4020199606348,-403.1655993215902,-100,-196.44268959028238,-342.60552897229684,-220.49907813903866,-100,-256.4983986718147,-238.2654412020314,-160.96723797413108,-100,-280.41541078265794,-363.6493830457854,-100,-100,-100,-73.88683829947311,-100,-1044.1514060781144
-777.9954734255514,-100,-866.7937102374015,-633.9978413095298,-501.99745273533375,-100,-100,-794.795532342037,-489.9969763030783,-598,-100,-429.99041958175957,-516.4854747737221,-100,-100,-100,-332.5853504865395,-100,-536.9365634457716,-100,-100,-100,-100,-316.7732195948644,-526.7498289225057,-100,-447.58414471632625,-341.0018198108529,-100,-100,-319.4746599493873,-268.8284030186145,-244.47393100795287,-155.60244445343866,-100,-160.26357629935694,-100,-184.26343914176053,-268.1900614479458,-865.742811966534
-100,-995.437491707852,-573.9979653595301,-100,-100,-823.5999525447992,-392.5859811120522,-501.99991521820976,-100,-100,-440.5760154966628,-488.42121003703454,-450.45650580629274,-488.57873513659564,-547.4392776010127,-481.23142327950234,-416.58631818744345,-100,-100,-461.17651903180604,-508.4415390442416,-294.4161103458706,-100,-100,-100,-306.02196695400306,-278.53110682145694,-439.5705421018687,-100,-343.23813453086586,-236.9062790707284,-232.47127299984982,-100,-100,-208.43559536017335,-102.70215274710223,-124.53717910152918,-88.04374572681178,-100,-247.2484004484887
-775.5989267813159,-100,-100,-573.9882892666225,-100,-100,-537.9997580050718,-100,-429.9898049754676,-100,-405.9989069700299,-429.99985730803337,-599.1384553311505,-357.999996388,-377.5686383857456,-354.4558931521529,-329.178338308956,-598.8768995610883,-481.9868766454206,-100,-437.2839442408715,-556.7169027780676,-294.6498401579012,-405.999995716,-438.6029607258009,-100,-100,-100,-328.34146302598714,-100,-172.31115786979768,-256.39988172664687,-220.18895663105133,-208.32674740574993,-335.66676952545663,-210.80864345006648,-100,-100,-259.9434143877478,-932.0750100572096
-609.9920871578572,-898.0000714177074,-895.5962714264867,-538.8318949640072,-621.9999735868007,-686.7936827500513,-513.9998977420139,-100,-100,-369.9995624383732,-888.1023927312515,-100,-567.9088332897068,-100,-100,-345.99450688262834,-426.465616231069,-100,-499.16559639881666,-340.4034000683216,-100,-421.4963573199741,-100,-100,-100,-100,-364.54644242581315,-160.13402358943324,-292.5662523807428,-100,-40.30231555212623,-100,-203.46008436812906,-145.83276762485661,-100,-220.43881212223144,-100,-256.37743391178464,-100,-311.5217869980298
-849.9970632124972,-705.9989349559836,-100,-100,-513.9967902294215,-639.6283979568096,-554.7987800859867,-100,-623.1695429803368,-677.7064292632987,-730.2228901740442,-100,-425.1490967309701,-449.27645132745755,-100,-461.2832548938158,-448.5726301228156,-407.0668494561794,-563.5733554361854,-515.1445685206928,-268.50114928124333,-365.03233838202493,-304.96428307342717,-316.85829553856735,-100,-408.1525658492307,-222.67905880383753,-100,-100,-374.1264119800567,-136.8126258410029,-160.34487271060368,-258.43164513933993,-160.30322879754988,-160.2216185741051,-100,-148.26349870020044,-76.44229303054433,-100,-801.5045065825259
-756.3999951436,-612.3967648337047,-763.599801412254,-638.7994606540718,-573.9961428411636,-809.070203630229,-100,-584.5787242214403,-771.4516312937976,-696.7201948605424,-692.3151082123259,-595.4069301450002,-100,-413.27766618866997,-613.2879241214549,-100,-293.1558805182875,-365.6490663561105,-377.745494838283,-100,-357.6291448838181,-378.6790598923491,-329.44686074580784,-100,-100,-100,-100,-466.26830817758946,-261.4099269441312,-244.00140344927757,-417.3769512257896,-100,-362.12097151399485,-181.36274675209583,-153.29159221373607,-242.72062625560463,-101.37135335850901,-100.23221095717405,-196.26927972742044,-844.2374359031153
-862.4782252059869,-751.5993638886089,-704.0798642994889,-573.994299310977,-417.99963620822035,-619.5998659782047,-100,-751.8396371467992,-667.4449667896287,-659.7178220384366,-601.0273174789884,-626.6107038941074,-644.0611664234091,-560.8248564412994,-306.6763250810074,-390.4615555761268,-424.57413480724017,-401.1778275286767,-245.56205204043872,-481.79637959080134,-100,-465.6669363761483,-381.99999196300007,-411.4243764863802,-100,-364.0983473654246,-330.7137702753978,-100,-252.59444904426874,-100,-347.7263574783841,-100,-246.27495699682476,-100,-215.67200353973934,-100,-100,-21.427761810551935,-107.13368110598408,-804.4672254034623
-771.2769362940156,-640.4786272363053,-100,-100,-100,-780.3995756063647,-749.1972108479803,-706.6813298673724,-739.4592668753431,-511.1655189096073,-437.56966811164455,-648.3533372613974,-402.4276527051218,-100,-493.47315359195676,-293.74543461448576,-396.57613635593736,-376.39870008181214,-100,-393.46010515547863,-329.409696029408,-441.9999999658,-268.7477789107544,-380.8956740555408,-151.587776992425,-136.43732839592388,-100,-366.80175296751173,-224.41701295032348,-280.38495124007034,-124.66561674535903,-120.00375128373022,-112.27742005806405,-100,-40.80319759936274,-232.24424934886383,-26.165034124998066,-100,-75.0125149504035,-887.3794116030558
-696.3999600951994,-621.9991032583494,-765.9960124735986,-100,-817.3521783698021,-100,-733.4592927444359,-676.2377323130971,-641.4725217377265,-403.1656172083609,-510.6764637309523,-436.92585443339703,-486.6763377674862,-437.1249169708204,-100,-100,-457.6626395133374,-415.8164986998509,-280.5465057760023,-220.37156878923722,-280.5006927843992,-428.4531531812474,-100,-352.49780250049537,-184.5468712032791,-266.088498789788,-234.99482916977703,-124.7479691630754,-292.38584669224474,-148.48578448719135,-234.6361790174391,-100,-280.38045187089085,-124.4037105953021,-19.319036699586103,-189.03232849084208,-109.31917753324606,-131.613643898985,-19.691616343790912,-757.9459039504081
